                  epoch,         train/box_loss,         train/cls_loss,         train/dfl_loss,   metrics/precision(B),      metrics/recall(B),       metrics/mAP50(B),    metrics/mAP50-95(B),           val/box_loss,           val/cls_loss,           val/dfl_loss,                 lr/pg0,                 lr/pg1,                 lr/pg2
                      1,                 4.1241,                 14.811,                  3.541,                      0,                      0,                      0,                      0,                 4.2848,                 7.5477,                 3.0238,               0.082049,               0.001561,               0.001561
                      2,                 2.2241,                 3.5105,                 1.5737,                      0,                      0,                      0,                      0,                 4.5552,                 7.5225,                 2.8233,               0.063649,              0.0031608,              0.0031608
                      3,                 1.6851,                 2.6843,                 1.2832,                0.09794,                0.08933,                0.06402,                0.03283,                 1.8624,                 5.4782,                 1.4501,               0.045248,              0.0047598,              0.0047598
                      4,                 1.4638,                  2.473,                 1.1773,                0.05525,                0.65538,                0.14848,                0.09071,                 1.4377,                 3.0797,                 1.1652,               0.026845,              0.0063575,              0.0063575
                      5,                 1.3669,                 2.2538,                  1.129,                0.41632,                 0.3152,                   0.26,                 0.1352,                 1.7269,                 2.1576,                 1.2903,               0.008441,              0.0079532,              0.0079532
                      6,                 1.2952,                 2.0291,                 1.0913,                0.38475,                0.30798,                0.27719,                0.17287,                  1.356,                 2.1494,                 1.0958,              0.0079878,              0.0079878,              0.0079878
                      7,                 1.2267,                 2.0095,                 1.0521,                0.36108,                0.40101,                0.32794,                0.20963,                 1.2559,                 2.0299,                 1.0499,              0.0079878,              0.0079878,              0.0079878
                      8,                 1.1905,                 1.8056,                 1.0271,                 0.5138,                0.28141,                 0.3601,                0.24565,                 1.2837,                 2.2241,                 1.0847,              0.0079824,              0.0079824,              0.0079824
                      9,                 1.1179,                 1.6919,                 1.0049,                0.55479,                0.49781,                0.52019,                0.35952,                 1.1309,                 1.5707,                 1.0049,              0.0079761,              0.0079761,              0.0079761
                     10,                 1.0951,                 1.5423,                 0.9917,                0.59633,                0.48318,                0.55327,                0.36753,                 1.2347,                 1.4744,                 1.0328,              0.0079688,              0.0079688,              0.0079688
                     11,                 1.0679,                 1.5069,                0.99053,                0.61844,                0.51212,                0.57686,                0.38745,                 1.2148,                 1.4325,                 1.0304,              0.0079605,              0.0079605,              0.0079605
                     12,                 1.0713,                 1.4153,                0.98526,                0.61656,                0.53403,                0.60449,                0.38127,                 1.3361,                 1.3671,                 1.0678,              0.0079512,              0.0079512,              0.0079512
                     13,                 1.0527,                 1.3534,                0.97794,                0.61821,                0.52494,                  0.606,                0.26902,                 1.9814,                 1.5401,                 1.3912,               0.007941,               0.007941,               0.007941
                     14,                 1.0426,                 1.3323,                0.97902,                0.72678,                0.57165,                0.67768,                 0.4881,                 1.0264,                 1.2094,                0.97819,              0.0079299,              0.0079299,              0.0079299
                     15,                 1.0524,                 1.2829,                 0.9853,                0.71155,                0.58599,                0.68239,                0.42672,                 1.3403,                 1.2119,                 1.0641,              0.0079177,              0.0079177,              0.0079177
                     16,                  1.017,                 1.2513,                0.96863,                0.74768,                0.60445,                0.72145,                0.46053,                 1.3156,                  1.132,                 1.0674,              0.0079046,              0.0079046,              0.0079046
                     17,                 1.0189,                 1.2065,                 0.9692,                0.74356,                 0.6136,                0.72095,                0.32682,                 1.9743,                 1.2274,                 1.3917,              0.0078906,              0.0078906,              0.0078906
                     18,                 1.0149,                 1.1905,                0.96593,                0.79063,                0.61472,                0.73877,                0.38735,                 1.7383,                 1.1039,                 1.2378,              0.0078756,              0.0078756,              0.0078756
                     19,                 1.0112,                 1.1669,                0.96199,                0.74813,                0.62486,                0.73161,                0.50241,                 1.1107,                 1.1122,                 1.0066,              0.0078596,              0.0078596,              0.0078596
                     20,                0.98798,                  1.157,                0.96215,                0.78728,                 0.6002,                0.74034,                0.49319,                 1.1854,                 1.0396,                 1.0123,              0.0078428,              0.0078428,              0.0078428
                     21,                0.98891,                 1.1461,                0.95567,                0.76836,                   0.64,                0.75639,                0.51736,                 1.1438,                  1.015,                 1.0119,              0.0078249,              0.0078249,              0.0078249
                     22,                 1.0134,                 1.1504,                0.96477,                 0.7611,                0.63888,                0.75366,                 0.4656,                 1.4077,                 1.0798,                 1.1074,              0.0078062,              0.0078062,              0.0078062
                     23,                0.97773,                 1.1104,                0.95556,                0.77572,                 0.6582,                0.77128,                0.40512,                 1.6939,                 1.0942,                 1.2314,              0.0077865,              0.0077865,              0.0077865
                     24,                0.98083,                 1.0844,                0.95834,                0.80764,                0.62793,                0.76434,                0.42179,                 1.6796,                 3.4281,                 1.2199,              0.0077659,              0.0077659,              0.0077659
                     25,                0.96373,                 1.0768,                0.95088,                0.81517,                0.65684,                 0.7796,                0.42604,                 1.6253,                  1.035,                 1.1885,              0.0077444,              0.0077444,              0.0077444
                     26,                0.96278,                 1.0681,                0.94765,                0.83865,                0.08396,                0.45888,                0.30465,                 1.4707,                    inf,                 1.1216,              0.0077219,              0.0077219,              0.0077219
                     27,                 0.9712,                 1.0891,                0.95019,                0.81407,                0.64768,                0.78373,                0.55469,                 1.0808,                0.95658,                0.96598,              0.0076986,              0.0076986,              0.0076986
                     28,                0.95309,                  1.038,                0.94561,                0.80835,                0.64739,                0.78518,                0.49128,                 1.3613,                0.95705,                 1.0937,              0.0076743,              0.0076743,              0.0076743
                     29,                0.94145,                 1.0273,                0.94642,                 0.8033,                0.66553,                 0.7896,                0.47054,                 1.4587,                 1.0198,                 1.1343,              0.0076492,              0.0076492,              0.0076492
                     30,                0.96393,                 1.0417,                 0.9464,                0.80029,                0.68158,                0.79552,                0.47054,                 1.4745,                0.96417,                 1.1187,              0.0076231,              0.0076231,              0.0076231
                     31,                 0.9596,                 1.0285,                0.94793,                0.80029,                0.68158,                0.79552,                0.47054,                 1.8477,                    inf,                 1.2805,              0.0075962,              0.0075962,              0.0075962
                     32,                0.95288,                 1.0406,                0.94214,                0.81467,                0.65195,                0.78387,                0.47362,                 1.4295,                0.95724,                 1.1429,              0.0075684,              0.0075684,              0.0075684
                     33,                 0.9624,                 1.0209,                0.94776,                0.81467,                0.65195,                0.78387,                0.47362,                 1.5738,                    inf,                 1.1608,              0.0075397,              0.0075397,              0.0075397
                     34,                0.95875,                 1.0247,                0.94573,                0.82667,                 0.6754,                0.80332,                0.45693,                  1.573,                0.95721,                 1.1638,              0.0075102,              0.0075102,              0.0075102
                     35,                0.96251,                 1.0214,                 0.9401,                0.81996,                0.67466,                0.79802,                0.45885,                 1.5503,                0.94791,                 1.1757,              0.0074798,              0.0074798,              0.0074798
                     36,                0.94844,                 1.0069,                0.94276,                 0.8239,                0.68849,                0.80984,                0.42775,                  1.699,                0.97364,                 1.2567,              0.0074485,              0.0074485,              0.0074485
                     37,                0.93364,                0.99699,                0.94231,                 0.8418,                 0.6795,                0.80713,                0.51245,                 1.3403,                0.92621,                 1.0763,              0.0074165,              0.0074165,              0.0074165
                     38,                0.93536,                0.99037,                0.93945,                0.91716,                 0.4377,                0.67903,                0.42063,                 1.5763,                    inf,                  1.156,              0.0073835,              0.0073835,              0.0073835
                     39,                0.92758,                0.97366,                0.94129,                0.83595,                0.66914,                0.79964,                0.44714,                 1.5611,                0.98766,                   1.19,              0.0073498,              0.0073498,              0.0073498
                     40,                0.92872,                0.99496,                0.94082,                 0.8394,                0.67735,                0.80082,                0.41176,                 1.7725,                0.98379,                 1.2951,              0.0073152,              0.0073152,              0.0073152
                     41,                0.93664,                0.98557,                0.94155,                0.83189,                 0.6841,                 0.8003,                0.57733,                 1.0549,                 3.4047,                0.97866,              0.0072799,              0.0072799,              0.0072799
                     42,                0.92167,                0.97619,                0.93187,                0.83855,                   0.68,                0.80632,                0.51162,                 1.3008,                0.90177,                 1.0547,              0.0072437,              0.0072437,              0.0072437
                     43,                0.92699,                0.98699,                0.93766,                0.84104,                 0.6894,                0.81288,                0.56895,                   1.09,                0.82758,                 0.9769,              0.0072068,              0.0072068,              0.0072068
                     44,                0.91668,                0.97596,                0.94251,                0.83361,                0.68879,                0.81568,                0.54705,                 1.1917,                0.84429,                 1.0168,               0.007169,               0.007169,               0.007169
                     45,                0.92457,                0.96749,                 0.9375,                0.83361,                0.68879,                0.81568,                0.54705,                 1.3847,                    inf,                 1.0742,              0.0071305,              0.0071305,              0.0071305
                     46,                0.91615,                0.98079,                0.93205,                0.81284,                0.68732,                0.80213,                  0.386,                 1.9135,                 1.0784,                  1.395,              0.0070912,              0.0070912,              0.0070912
                     47,                0.89377,                0.95056,                0.92272,                 0.8408,                0.70379,                0.82291,                0.50968,                  1.358,                  0.875,                 1.0797,              0.0070512,              0.0070512,              0.0070512
                     48,                  0.902,                0.94175,                0.93045,                0.83906,                0.70065,                0.82314,                0.50928,                 1.3968,                0.86712,                 1.1006,              0.0070104,              0.0070104,              0.0070104
                     49,                0.91976,                 0.9564,                0.93287,                0.84355,                0.70428,                0.82359,                 0.5216,                 1.3154,                 0.8369,                 1.0441,              0.0069689,              0.0069689,              0.0069689
                     50,                0.89763,                 0.9368,                0.93681,                0.85438,                0.68974,                0.81774,                0.56386,                 1.1114,                0.81067,                0.98022,              0.0069267,              0.0069267,              0.0069267
                     51,                 0.9011,                0.94384,                0.92851,                0.83562,                0.69323,                0.81892,                0.51382,                 1.3759,                0.85887,                 1.0888,              0.0068838,              0.0068838,              0.0068838
                     52,                 0.9063,                0.95685,                0.92882,                0.84028,                0.69478,                0.81706,                0.57472,                 1.1055,                0.82065,                0.98291,              0.0068401,              0.0068401,              0.0068401
                     53,                0.91224,                0.93579,                0.93188,                0.86066,                0.70013,                0.82616,                0.55242,                 1.2005,                0.84247,                 1.0151,              0.0067958,              0.0067958,              0.0067958
                     54,                0.88887,                 0.9448,                0.92538,                0.83845,                0.63257,                 0.7356,                0.53311,                 1.1791,                    inf,                 1.0149,              0.0067508,              0.0067508,              0.0067508
                     55,                  0.903,                0.94076,                0.92974,                0.84843,                0.69794,                0.82365,                 0.6029,                0.97095,                0.77154,                 0.9555,              0.0067051,              0.0067051,              0.0067051
                     56,                0.87804,                 0.9124,                0.92468,                 0.8412,                0.70274,                0.82337,                0.47059,                 1.5326,                 0.8913,                 1.1685,              0.0066588,              0.0066588,              0.0066588
                     57,                0.88056,                0.91351,                0.92246,                0.85125,                0.69026,                0.81835,                0.48259,                 1.4842,                0.88966,                 1.1549,              0.0066118,              0.0066118,              0.0066118
                     58,                0.88034,                0.92172,                0.92477,                 0.8628,                0.68085,                0.81928,                 0.6037,                 0.9577,                0.79894,                0.92803,              0.0065642,              0.0065642,              0.0065642
                     59,                0.91259,                0.93209,                0.92873,                 0.8475,                0.70075,                0.82891,                 0.6074,                0.97602,                 0.7765,                0.93451,               0.006516,               0.006516,               0.006516
                     60,                0.88521,                0.91225,                0.92485,                0.84435,                0.69266,                0.81753,                0.49431,                 1.4266,                0.86249,                 1.1039,              0.0064671,              0.0064671,              0.0064671
                     61,                 0.8872,                0.93932,                0.92621,                0.84702,                0.69871,                0.82265,                0.53464,                 1.2529,                0.82385,                 1.0314,              0.0064177,              0.0064177,              0.0064177
                     62,                0.88414,                0.91515,                0.92665,                0.84759,                0.71338,                0.83175,                0.56791,                 1.1741,                0.79354,                 1.0046,              0.0063676,              0.0063676,              0.0063676
                     63,                0.88338,                0.92165,                0.92351,                0.85114,                0.71321,                0.83163,                0.58639,                 1.0786,                0.76374,                0.97405,               0.006317,               0.006317,               0.006317
                     64,                0.86626,                0.91448,                0.91785,                0.84517,                0.69441,                 0.8233,                0.45527,                 1.6229,                0.92479,                 1.2107,              0.0062659,              0.0062659,              0.0062659
                     65,                0.87364,                0.90968,                0.92286,                0.86168,                 0.6971,                0.81868,                0.57061,                 1.1114,                 0.8008,                0.98175,              0.0062141,              0.0062141,              0.0062141
                     66,                 0.8589,                0.89115,                0.91713,                0.87184,                0.71476,                 0.8385,                0.59751,                 1.0569,                0.74262,                0.96574,              0.0061619,              0.0061619,              0.0061619
                     67,                0.86461,                 0.8875,                0.91442,                0.87499,                0.70224,                0.83186,                0.40959,                 1.8325,                0.89781,                 1.4005,              0.0061091,              0.0061091,              0.0061091
                     68,                0.86383,                0.90015,                0.91774,                0.83995,                0.71054,                0.82868,                0.56859,                 1.1547,                0.80687,                0.99046,              0.0060558,              0.0060558,              0.0060558
                     69,                 0.8737,                0.91657,                0.92252,                0.85827,                0.70082,                0.82526,                0.56331,                 1.1595,                0.97546,                 1.0035,               0.006002,               0.006002,               0.006002
                     70,                0.86304,                0.89824,                0.91826,                0.86639,                0.70526,                 0.8333,                0.54749,                 1.2066,                0.78435,                   1.06,              0.0059477,              0.0059477,              0.0059477
                     71,                0.85184,                 0.8778,                0.91524,                0.86594,                0.71653,                0.84364,                0.59088,                 1.0885,                0.74642,                0.98622,               0.005893,               0.005893,               0.005893
                     72,                0.85181,                0.86443,                0.91386,                 0.8571,                 0.7222,                0.84451,                0.59458,                 1.0781,                0.74615,                0.96502,              0.0058378,              0.0058378,              0.0058378
                     73,                0.83373,                0.86889,                0.90797,                0.87363,                0.70531,                0.83659,                 0.5582,                 1.2219,                0.77632,                 1.0159,              0.0057822,              0.0057822,              0.0057822
                     74,                0.86773,                0.88792,                0.91901,                0.85769,                0.72626,                0.84313,                0.48874,                 1.5319,                0.82049,                 1.1704,              0.0057261,              0.0057261,              0.0057261
                     75,                0.85575,                0.88111,                0.91426,                0.87155,                0.70947,                0.84056,                0.59576,                  1.061,                0.76407,                0.97309,              0.0056696,              0.0056696,              0.0056696
                     76,                0.85834,                   0.88,                0.91709,                0.86592,                0.72001,                0.84042,                0.58143,                 1.1277,                0.75954,                0.99058,              0.0056127,              0.0056127,              0.0056127
                     77,                 0.8397,                0.87709,                 0.9095,                 0.8658,                0.73713,                0.84915,                0.58652,                 1.1014,                0.74612,                0.98953,              0.0055554,              0.0055554,              0.0055554
                     78,                0.83025,                0.87612,                0.90898,                0.87834,                0.72212,                0.84466,                0.58962,                 1.1012,                0.73534,                0.97606,              0.0054978,              0.0054978,              0.0054978
                     79,                0.85008,                0.88543,                0.91873,                0.85414,                 0.7232,                0.84259,                0.49696,                 1.5029,                0.82642,                 1.1653,              0.0054398,              0.0054398,              0.0054398
                     80,                 0.8482,                0.88613,                0.91562,                0.86443,                0.73049,                  0.844,                0.58771,                 1.1195,                0.74774,                0.98705,              0.0053814,              0.0053814,              0.0053814
                     81,                0.83654,                0.86474,                0.91198,                0.88002,                0.71641,                0.83919,                0.53848,                 1.3029,                0.76016,                 1.0551,              0.0053227,              0.0053227,              0.0053227
                     82,                0.84754,                0.87221,                0.91524,                0.87905,                0.71021,                0.84293,                0.60068,                 1.0489,                0.72702,                 0.9565,              0.0052637,              0.0052637,              0.0052637
                     83,                0.83863,                  0.859,                0.90926,                 0.8694,                0.72748,                0.84723,                0.58298,                 1.1477,                 0.7237,                0.99663,              0.0052044,              0.0052044,              0.0052044
                     84,                0.83882,                0.86422,                0.91328,                0.87796,                   0.72,                0.84393,                 0.6122,                0.99907,                0.70034,                0.94442,              0.0051448,              0.0051448,              0.0051448
                     85,                0.84186,                0.84908,                0.91346,                0.87147,                0.71862,                0.84359,                0.56207,                 1.2112,                0.77192,                 1.0349,              0.0050849,              0.0050849,              0.0050849
                     86,                0.83133,                0.84444,                0.90672,                0.86763,                0.71668,                0.84436,                 0.5972,                 1.0838,                0.72613,                0.97892,              0.0050248,              0.0050248,              0.0050248
                     87,                0.85354,                0.86845,                 0.9157,                0.85729,                0.70697,                0.83823,                0.61114,                0.98019,                0.73424,                0.92915,              0.0049644,              0.0049644,              0.0049644
                     88,                0.83503,                0.86027,                0.91334,                0.87241,                0.72548,                0.84813,                0.60454,                 1.0482,                 0.7081,                0.96633,              0.0049038,              0.0049038,              0.0049038
                     89,                0.82712,                0.85475,                0.90926,                0.87411,                0.72556,                0.84576,                0.62193,                0.97319,                0.71323,                0.94332,               0.004843,               0.004843,               0.004843
                     90,                0.82303,                0.85541,                0.90404,                0.86605,                0.72919,                0.84784,                0.55518,                  1.238,                0.77062,                 1.0519,               0.004782,               0.004782,               0.004782
                     91,                0.82302,                0.84458,                0.90806,                0.87466,                0.73305,                0.85291,                0.62872,                0.96344,                0.68031,                0.94318,              0.0047208,              0.0047208,              0.0047208
                     92,                0.83123,                0.84618,                0.90673,                0.86658,                0.72984,                0.85258,                  0.627,                0.97519,                0.69128,                0.94119,              0.0046595,              0.0046595,              0.0046595
                     93,                0.82656,                0.84241,                0.90829,                      0,                0.00056,                      0,                      0,                 1.4038,                    inf,                 1.1121,               0.004598,               0.004598,               0.004598
                     94,                0.81203,                0.82503,                0.90133,                0.89248,                0.72877,                 0.8573,                0.60778,                 1.0609,                0.69818,                0.96953,              0.0045363,              0.0045363,              0.0045363
                     95,                0.81345,                0.82688,                0.90227,                0.89157,                0.74125,                0.85808,                0.56879,                 1.2037,                0.72949,                 1.0316,              0.0044745,              0.0044745,              0.0044745
                     96,                 0.8134,                0.82985,                0.90741,                0.87845,                0.73586,                0.85546,                0.60817,                 1.0524,                0.69539,                0.96954,              0.0044127,              0.0044127,              0.0044127
                     97,                 0.8054,                0.82543,                0.90274,                0.85567,                0.73569,                0.85006,                0.63433,                0.91514,                0.69304,                0.92109,              0.0043507,              0.0043507,              0.0043507
                     98,                0.79291,                0.82812,                0.89586,                0.88584,                0.73656,                0.85631,                0.55041,                 1.2023,                0.78313,                 1.0977,              0.0042887,              0.0042887,              0.0042887
                     99,                0.81227,                0.83753,                 0.9026,                0.88671,                 0.7474,                0.86644,                0.63297,                 0.9815,                 0.6575,                 0.9418,              0.0042265,              0.0042265,              0.0042265
                    100,                0.81708,                0.81985,                0.90252,                0.87796,                0.74513,                0.86228,                0.59583,                 1.1177,                0.69776,                 1.0015,              0.0041644,              0.0041644,              0.0041644
                    101,                0.80294,                0.81726,                 0.8995,                0.88104,                0.75159,                0.86288,                0.58328,                 1.1553,                0.69709,                 1.0092,              0.0041022,              0.0041022,              0.0041022
                    102,                0.79455,                0.82018,                0.89673,                0.88557,                0.73898,                0.86215,                0.62721,                0.99341,                0.67594,                0.94203,                0.00404,                0.00404,                0.00404
                    103,                0.79438,                0.80737,                0.90424,                0.88351,                0.75435,                0.86588,                0.61303,                 1.0607,                 0.6902,                0.96272,              0.0039778,              0.0039778,              0.0039778
                    104,                0.81319,                 0.8144,                0.90508,                0.88792,                0.74529,                0.86447,                0.63258,                0.97419,                0.65204,                0.94671,              0.0039156,              0.0039156,              0.0039156
                    105,                0.80195,                0.80795,                0.89623,                0.88428,                0.74432,                0.86509,                0.63606,                0.96881,                0.65747,                0.93598,              0.0038535,              0.0038535,              0.0038535
                    106,                0.78738,                  0.792,                0.89987,                  0.889,                0.74606,                0.86314,                0.63528,                0.94578,                0.66076,                0.93746,              0.0037913,              0.0037913,              0.0037913
                    107,                0.79428,                0.80331,                0.89642,                0.89176,                0.75083,                0.86663,                0.63495,                0.97488,                0.64281,                0.93383,              0.0037293,              0.0037293,              0.0037293
                    108,                0.80914,                0.80334,                0.90085,                0.89141,                0.74856,                0.86612,                0.63369,                0.97844,                  0.655,                0.93717,              0.0036673,              0.0036673,              0.0036673
                    109,                0.78712,                0.79814,                0.89549,                0.88396,                0.74327,                0.86162,                0.57836,                 1.2015,                0.72051,                 1.0148,              0.0036055,              0.0036055,              0.0036055
                    110,                0.79311,                0.79207,                0.90035,                 0.8821,                0.74458,                0.86268,                0.65452,                0.88946,                0.64391,                0.92013,              0.0035437,              0.0035437,              0.0035437
                    111,                0.78372,                0.79261,                0.89357,                0.90149,                0.74214,                0.86798,                0.66892,                 0.8335,                0.61476,                0.89683,               0.003482,               0.003482,               0.003482
                    112,                 0.7768,                0.77826,                0.89718,                0.88792,                0.74886,                0.87035,                0.65299,                0.90246,                0.63303,                0.91594,              0.0034205,              0.0034205,              0.0034205
                    113,                 0.7752,                0.78031,                0.89101,                0.86868,                0.76284,                0.86992,                0.65952,                0.88997,                0.62432,                0.91587,              0.0033592,              0.0033592,              0.0033592
                    114,                 0.7751,                0.78396,                0.89109,                0.87957,                0.76492,                0.87026,                0.64179,                0.94697,                0.62941,                0.93595,               0.003298,               0.003298,               0.003298
                    115,                0.78178,                0.78073,                0.89328,                0.89353,                0.75428,                0.87067,                0.65565,                0.88653,                0.61462,                0.90724,               0.003237,               0.003237,               0.003237
                    116,                0.77294,                0.78926,                0.89355,                0.88149,                 0.7552,                0.87075,                0.65215,                0.91405,                0.63555,                0.92078,              0.0031762,              0.0031762,              0.0031762
                    117,                0.78439,                0.78662,                 0.8937,                0.89562,                0.75169,                0.86809,                0.66602,                0.84663,                0.62017,                0.90014,              0.0031156,              0.0031156,              0.0031156
                    118,                0.76903,                0.76883,                0.88903,                 0.8828,                0.76118,                0.87257,                0.62893,                 1.0156,                0.64533,                0.95125,              0.0030552,              0.0030552,              0.0030552
                    119,                0.78291,                0.77735,                0.89303,                0.88436,                0.75666,                0.87285,                0.63077,                0.98245,                0.64235,                0.95691,              0.0029951,              0.0029951,              0.0029951
                    120,                0.77362,                0.77511,                0.88992,                 0.8975,                0.75726,                0.87391,                0.66422,                 0.8782,                0.61714,                0.90891,              0.0029352,              0.0029352,              0.0029352
                    121,                0.77506,                0.77712,                0.89051,                0.88896,                0.75521,                0.87286,                0.65742,                0.90445,                0.61668,                0.91984,              0.0028756,              0.0028756,              0.0028756
                    122,                0.77242,                0.76269,                0.89669,                0.89692,                0.76147,                0.87613,                0.65899,                0.89562,                0.60828,                0.91359,              0.0028163,              0.0028163,              0.0028163
                    123,                0.76183,                0.76199,                0.89105,                0.88444,                0.76362,                0.87595,                0.67499,                0.83762,                0.59178,                0.89702,              0.0027573,              0.0027573,              0.0027573
                    124,                0.76467,                0.74975,                0.88935,                0.89538,                0.76021,                0.87807,                0.68153,                 0.8013,                0.57747,                0.88658,              0.0026986,              0.0026986,              0.0026986
                    125,                0.76101,                0.76337,                0.88866,                0.90592,                0.75189,                0.87699,                0.67205,                 0.8465,                0.60546,                0.90207,              0.0026402,              0.0026402,              0.0026402
                    126,                0.76199,                0.74809,                0.88996,                 0.8962,                0.76925,                0.88062,                0.66108,                0.89032,                0.59639,                0.91222,              0.0025822,              0.0025822,              0.0025822
                    127,                0.76774,                0.75996,                0.89441,                0.89116,                0.76684,                0.88023,                0.65892,                0.90935,                0.60606,                0.92309,              0.0025246,              0.0025246,              0.0025246
                    128,                0.74699,                0.73377,                0.88696,                0.90014,                0.75585,                0.87652,                0.67477,                0.82508,                0.59353,                0.89713,              0.0024673,              0.0024673,              0.0024673
                    129,                0.75354,                0.74202,                0.88387,                0.89323,                0.76686,                0.88055,                0.61383,                 1.0367,                 0.6339,                 1.0113,              0.0024104,              0.0024104,              0.0024104
                    130,                0.75618,                0.74421,                0.88878,                0.90179,                0.76186,                 0.8804,                0.66256,                0.89214,                0.59476,                0.92495,              0.0023539,              0.0023539,              0.0023539
                    131,                0.75584,                0.74171,                0.88669,                0.89689,                0.77242,                0.88318,                0.67606,                0.85678,                0.58818,                0.90738,              0.0022978,              0.0022978,              0.0022978
                    132,                0.74833,                0.72779,                0.88812,                0.88819,                 0.7766,                0.88404,                0.67492,                0.85445,                0.58589,                0.90315,              0.0022422,              0.0022422,              0.0022422
                    133,                0.75158,                0.72947,                0.88748,                0.90366,                0.77325,                0.88692,                0.66449,                0.90859,                0.58966,                0.91738,               0.002187,               0.002187,               0.002187
                    134,                0.74638,                0.73573,                0.88457,                0.89521,                0.77324,                0.88243,                0.67215,                0.86004,                0.58101,                0.90745,              0.0021323,              0.0021323,              0.0021323
                    135,                0.73618,                0.72055,                0.88286,                0.89299,                0.77627,                0.88327,                 0.6812,                0.82248,                0.57574,                0.89444,               0.002078,               0.002078,               0.002078
                    136,                0.72397,                0.70915,                0.87936,                0.89955,                 0.7706,                0.88386,                0.65982,                0.90891,                0.59556,                0.91643,              0.0020242,              0.0020242,              0.0020242
                    137,                0.73404,                0.71882,                0.88179,                0.90138,                0.77163,                0.88571,                0.66858,                0.89612,                0.58181,                0.91746,              0.0019709,              0.0019709,              0.0019709
                    138,                0.73599,                0.71928,                0.88115,                0.91095,                 0.7701,                0.88599,                0.66594,                0.88282,                0.57661,                0.91495,              0.0019181,              0.0019181,              0.0019181
                    139,                0.74119,                0.71407,                0.88355,                0.89366,                0.76806,                0.88446,                0.68928,                0.79955,                0.56544,                0.88641,              0.0018659,              0.0018659,              0.0018659
                    140,                0.73668,                0.71151,                0.88187,                0.88891,                0.77647,                0.88625,                0.68164,                  0.837,                0.56361,                0.90098,              0.0018141,              0.0018141,              0.0018141
                    141,                0.73434,                0.71729,                0.88018,                 0.8849,                0.78556,                0.88904,                0.66372,                0.91262,                0.58058,                0.92512,               0.001763,               0.001763,               0.001763
                    142,                  0.738,                0.71168,                0.88366,                0.90461,                0.77326,                0.88811,                0.68746,                0.81888,                0.55917,                0.89365,              0.0017124,              0.0017124,              0.0017124
                    143,                  0.726,                0.69917,                0.88258,                0.90043,                0.77231,                0.88749,                0.67165,                0.88527,                0.57602,                0.91638,              0.0016623,              0.0016623,              0.0016623
                    144,                0.72231,                0.70701,                0.87769,                0.90472,                0.77907,                0.89128,                0.67666,                0.86731,                0.57283,                0.91327,              0.0016129,              0.0016129,              0.0016129
                    145,                0.72931,                0.71531,                0.87863,                0.89579,                0.78578,                0.89169,                 0.6827,                0.83894,                0.56216,                0.89704,               0.001564,               0.001564,               0.001564
                    146,                 0.7257,                0.69749,                0.88055,                0.91231,                0.77683,                0.89411,                0.68701,                0.83266,                0.55324,                0.89678,              0.0015158,              0.0015158,              0.0015158
                    147,                0.72095,                0.69384,                0.87842,                0.90694,                0.77781,                  0.893,                0.67914,                0.86392,                0.56463,                0.90934,              0.0014682,              0.0014682,              0.0014682
                    148,                0.71998,                0.69006,                0.87815,                0.90071,                 0.7852,                0.89505,                0.68831,                  0.837,                0.55363,                0.90022,              0.0014212,              0.0014212,              0.0014212
                    149,                0.71942,                 0.6913,                0.87694,                0.90373,                0.78475,                0.89477,                0.69207,                0.82216,                0.55268,                0.89595,              0.0013749,              0.0013749,              0.0013749
                    150,                0.72237,                0.69343,                0.87832,                0.90327,                0.78058,                0.89419,                0.69253,                0.82041,                0.55132,                0.89078,              0.0013292,              0.0013292,              0.0013292
                    151,                0.71232,                0.67173,                0.87377,                0.89797,                0.78847,                0.89547,                0.68802,                0.83301,                0.54692,                0.89495,              0.0012842,              0.0012842,              0.0012842
                    152,                0.71597,                0.67494,                0.87756,                0.89942,                  0.791,                0.89574,                 0.6878,                0.83882,                 0.5445,                0.89776,              0.0012399,              0.0012399,              0.0012399
                    153,                0.72108,                0.67385,                0.87827,                0.90336,                 0.7849,                0.89729,                0.68159,                0.86792,                0.55464,                0.90904,              0.0011962,              0.0011962,              0.0011962
                    154,                0.71826,                0.67149,                0.87981,                0.90764,                0.78185,                0.89661,                0.67809,                 0.8829,                0.55765,                0.91579,              0.0011533,              0.0011533,              0.0011533
                    155,                0.70017,                0.66821,                0.87451,                0.90799,                0.78168,                0.89592,                0.68847,                0.83792,                0.54618,                0.90034,              0.0011111,              0.0011111,              0.0011111
                    156,                0.70471,                0.65981,                0.87121,                0.91192,                0.78222,                0.89697,                0.69404,                0.81749,                0.53928,                0.89496,              0.0010696,              0.0010696,              0.0010696
                    157,                0.70981,                0.67993,                0.87387,                0.89789,                0.78982,                 0.8976,                0.69601,                0.80615,                0.53487,                0.89233,              0.0010288,              0.0010288,              0.0010288
                    158,                0.69508,                0.65508,                0.87182,                0.89601,                0.79577,                0.89624,                0.68598,                0.84702,                0.54921,                0.90556,             0.00098877,             0.00098877,             0.00098877
                    159,                0.70381,                0.66175,                0.87178,                0.89291,                 0.7995,                0.89817,                0.67921,                0.87788,                0.55071,                0.91398,              0.0009495,              0.0009495,              0.0009495
                    160,                 0.6993,                0.65189,                0.87257,                0.89001,                0.80076,                0.89804,                0.69692,                0.80532,                0.53329,                  0.891,             0.00091099,             0.00091099,             0.00091099
                    161,                0.69113,                0.64449,                0.87191,                0.89514,                0.79414,                0.89704,                0.70113,                0.79096,                0.52997,                0.88474,             0.00087325,             0.00087325,             0.00087325
                    162,                0.69825,                0.65451,                0.87273,                0.89756,                0.79349,                0.89787,                0.70764,                0.76661,                0.52488,                0.87705,             0.00083629,             0.00083629,             0.00083629
                    163,                0.69058,                0.64761,                0.87286,                0.90208,                0.78907,                0.89795,                0.70782,                0.76302,                0.52065,                0.87301,             0.00080013,             0.00080013,             0.00080013
                    164,                0.68672,                0.65267,                0.86809,                0.91159,                0.79244,                0.90024,                0.71054,                0.74892,                0.51526,                0.87123,             0.00076476,             0.00076476,             0.00076476
                    165,                0.67983,                0.64467,                0.86747,                0.91019,                0.79207,                0.90095,                0.70076,                0.79962,                0.52473,                 0.8896,              0.0007302,              0.0007302,              0.0007302
                    166,                 0.6849,                0.64459,                0.86633,                0.91443,                0.78808,                0.90187,                 0.7013,                0.79782,                0.52219,                0.88574,             0.00069646,             0.00069646,             0.00069646
                    167,                0.68556,                0.64248,                 0.8671,                0.90178,                0.79467,                0.90178,                0.71105,                0.76103,                0.51302,                0.87931,             0.00066354,             0.00066354,             0.00066354
                    168,                0.68634,                0.63809,                0.86363,                 0.9058,                0.78856,                0.90168,                0.70399,                0.79381,                0.51963,                0.88745,             0.00063146,             0.00063146,             0.00063146
                    169,                0.67563,                0.62336,                0.86839,                0.91696,                 0.7873,                0.90241,                0.70007,                0.80839,                 0.5229,                0.88831,             0.00060022,             0.00060022,             0.00060022
                    170,                0.66616,                0.61973,                0.86603,                0.90309,                0.79906,                0.90265,                0.69914,                0.81348,                0.52479,                0.88923,             0.00056983,             0.00056983,             0.00056983
                    171,                0.67101,                0.61758,                0.86426,                0.90396,                 0.8022,                 0.9035,                0.70917,                0.77462,                0.51385,                0.87961,             0.00054029,             0.00054029,             0.00054029
                    172,                0.67569,                0.63128,                0.86293,                0.89775,                 0.8055,                0.90429,                  0.709,                0.77498,                 0.5125,                0.87697,             0.00051161,             0.00051161,             0.00051161
                    173,                0.66264,                0.62055,                0.86282,                0.89637,                0.80783,                0.90475,                0.69787,                0.82455,                0.52543,                0.89313,             0.00048381,             0.00048381,             0.00048381
                    174,                0.67504,                0.62121,                0.86298,                0.90258,                0.80557,                0.90603,                0.70415,                0.80026,                0.51545,                0.89121,             0.00045688,             0.00045688,             0.00045688
                    175,                0.67416,                0.61957,                0.86389,                0.90966,                0.79937,                0.90556,                0.70202,                0.80641,                0.51762,                0.89174,             0.00043084,             0.00043084,             0.00043084
                    176,                 0.6567,                0.60053,                  0.861,                 0.9103,                0.79924,                0.90524,                0.71172,                0.76711,                0.50979,                0.87547,             0.00040569,             0.00040569,             0.00040569
                    177,                0.66483,                0.61777,                0.85975,                0.90669,                0.80093,                 0.9056,                0.71322,                0.75803,                0.50418,                0.87362,             0.00038144,             0.00038144,             0.00038144
                    178,                0.65972,                0.61164,                0.85973,                0.91667,                0.79774,                 0.9062,                0.71311,                0.76324,                0.50464,                0.87445,             0.00035809,             0.00035809,             0.00035809
                    179,                0.66113,                0.61644,                0.86245,                0.90779,                0.80334,                0.90561,                0.71262,                 0.7632,                0.50441,                0.87504,             0.00033564,             0.00033564,             0.00033564
                    180,                0.65847,                0.60571,                0.86266,                0.90814,                0.80518,                 0.9061,                0.71392,                0.76366,                0.50271,                0.87595,             0.00031411,             0.00031411,             0.00031411
                    181,                 0.6514,                0.59934,                0.85804,                 0.9091,                0.80462,                0.90672,                0.71029,                0.77963,                0.50615,                0.88065,              0.0002935,              0.0002935,              0.0002935
                    182,                0.64272,                0.59303,                0.85491,                0.91212,                0.80204,                0.90643,                0.71407,                0.76333,                 0.5018,                0.87631,             0.00027382,             0.00027382,             0.00027382
                    183,                0.64849,                0.60358,                 0.8582,                0.91077,                0.80341,                0.90698,                0.71794,                0.74907,                0.49679,                0.87238,             0.00025506,             0.00025506,             0.00025506
                    184,                0.64526,                0.59616,                0.85541,                0.92058,                0.79754,                0.90714,                0.71517,                0.75862,                0.49834,                0.87382,             0.00023724,             0.00023724,             0.00023724
                    185,                0.63871,                0.58205,                0.85737,                0.90915,                0.80453,                 0.9079,                0.71859,                0.74628,                0.49501,                0.87064,             0.00022035,             0.00022035,             0.00022035
                    186,                0.64388,                0.58741,                0.85601,                0.91205,                0.80232,                0.90805,                0.71757,                 0.7488,                 0.4956,                0.87179,             0.00020441,             0.00020441,             0.00020441
                    187,                0.64382,                 0.5835,                0.85661,                0.91529,                0.80431,                0.90883,                0.71577,                0.76183,                0.49552,                0.87522,             0.00018942,             0.00018942,             0.00018942
                    188,                0.63541,                0.57915,                0.85568,                0.90736,                0.81222,                0.90959,                0.71589,                0.76435,                0.49592,                0.87653,             0.00017537,             0.00017537,             0.00017537
                    189,                 0.6403,                0.58075,                0.85419,                0.91245,                0.81061,                0.91018,                0.72127,                0.74295,                0.49088,                0.87019,             0.00016228,             0.00016228,             0.00016228
                    190,                0.63767,                0.58375,                0.85661,                0.91088,                0.80943,                0.90959,                 0.7189,                 0.7498,                0.49391,                0.87209,             0.00015014,             0.00015014,             0.00015014
                    191,                0.57526,                0.48278,                0.84938,                0.91238,                0.80752,                0.91015,                0.72059,                0.74691,                0.49325,                0.87336,             0.00013897,             0.00013897,             0.00013897
                    192,                0.57581,                0.48258,                0.84811,                0.91099,                0.80921,                0.91038,                0.72217,                0.73988,                0.49028,                0.87062,             0.00012875,             0.00012875,             0.00012875
                    193,                0.57153,                0.47514,                0.84509,                0.91963,                0.80237,                0.91049,                0.72378,                0.72725,                0.48667,                0.86648,             0.00011951,             0.00011951,             0.00011951
                    194,                0.56565,                0.47248,                0.84528,                0.91892,                0.80511,                0.91059,                0.72124,                0.74468,                0.48885,                0.87246,             0.00011123,             0.00011123,             0.00011123
                    195,                0.56465,                0.47262,                0.84269,                0.91611,                0.80682,                0.91063,                0.71743,                0.76286,                0.49281,                0.87867,             0.00010391,             0.00010391,             0.00010391
                    196,                0.56868,                0.47701,                0.84303,                0.91811,                0.80645,                0.91157,                0.72047,                0.75511,                 0.4908,                0.87503,             9.7575e-05,             9.7575e-05,             9.7575e-05
                    197,                0.55834,                0.46342,                0.84327,                0.91995,                0.80572,                0.91164,                0.72444,                0.73617,                0.48503,                0.86822,             9.2207e-05,             9.2207e-05,             9.2207e-05
                    198,                0.56574,                0.46988,                0.84264,                0.91408,                0.81015,                0.91172,                0.72658,                 0.7277,                0.48205,                0.86551,             8.7814e-05,             8.7814e-05,             8.7814e-05
                    199,                0.55607,                0.46503,                0.84453,                0.91403,                0.81115,                0.91201,                0.72619,                0.73052,                0.48238,                0.86548,             8.4396e-05,             8.4396e-05,             8.4396e-05
                    200,                0.55276,                0.45505,                0.84349,                 0.9154,                0.81115,                0.91226,                 0.7259,                0.73219,                 0.4822,                0.86714,             8.1954e-05,             8.1954e-05,             8.1954e-05
